{
  "msci": {
    "mean": 0.01478813559322034,
    "std": 0.023561129183220276,
    "min": -0.0489,
    "max": 0.0696,
    "count": 59
  },
  "st_i": {
    "mean": 0.014918644067796609,
    "std": 0.03350348565006066,
    "min": -0.057,
    "max": 0.1151,
    "count": 59
  },
  "st_a": {
    "mean": 0.019023728813559324,
    "std": 0.03577630282356001,
    "min": -0.0774,
    "max": 0.0958,
    "count": 59
  },
  "si_a": {
    "mean": -0.0048796610169491526,
    "std": 0.05054298314947193,
    "min": -0.1267,
    "max": 0.0884,
    "count": 59
  }
}