{
  "msci": {
    "good": 0.003007571001610202,
    "weak": -0.008772993589999936,
    "mean": 0.01478813559322034,
    "std": 0.023561129183220276
  },
  "st_i": {
    "good": -0.0018330987572337202,
    "weak": -0.018584841582264047,
    "mean": 0.014918644067796609,
    "std": 0.03350348565006066
  },
  "st_a": {
    "good": 0.0011355774017793203,
    "weak": -0.016752574010000684,
    "mean": 0.019023728813559324,
    "std": 0.03577630282356001
  },
  "si_a": {
    "good": -0.030151152591685118,
    "weak": -0.05542264416642108,
    "mean": -0.0048796610169491526,
    "std": 0.05054298314947193
  }
}